average_stars,fans,number_of_friends,numberOfReviews,averageSentiment,averageStars,funnyVotes,usefulVotes,coolVotes
4.33,1,1,4,0.581145833333,5,0,2,1
5.0,0,0,2,0.19391025641,5,0,0,0
3.31,25,17,13,0.343472826375,3,1,2,1
5.0,1,10,1,0.272,5,1,3,2
3.69,30,39,6,0.194509144237,4,0,1,1
3.96,1,6,1,0.229166666667,3,0,0,0
3.0,0,0,1,0.227833333333,4,0,0,0
5.0,0,3,1,0.142694805195,5,1,2,1
5.0,0,0,1,0.73125,5,0,0,0
2.67,0,5,3,0.0888897907648,2,0,1,0
3.57,0,0,13,0.152871474086,3,0,0,0
2.33,1,0,2,0.160917919799,3,0,0,0
2.0,0,2,1,0.104166666667,2,0,0,0
3.86,1,6,5,0.278034289124,4,0,1,0
3.67,0,0,3,0.278035775336,3,0,0,0
3.79,2,9,3,0.22985002035,3,0,0,0
3.88,0,0,2,0.364933473389,4,0,0,0
2.2,0,0,5,-0.131809585813,2,1,1,0
4.38,1,1,1,0.235714285714,4,0,0,0
3.75,18,40,1,0.0121693121693,3,0,2,1
5.0,0,0,1,0.0241666666667,5,0,3,3
3.92,2,6,4,0.103155588624,4,0,0,0
1.0,0,0,1,-0.0923295454545,1,0,0,0
3.48,1,2,1,0.42,4,0,0,0
2.75,0,0,3,0.101020138893,2,0,1,0
3.56,0,6,9,0.185845986449,4,0,0,0
4.0,0,10,2,0.546428571429,4,0,0,0
1.0,0,2,1,0.0325396825397,1,0,1,0
2.82,3,0,9,0.191916199517,3,0,0,0
1.5,2,3,2,0.13,1,0,0,0
4.5,0,0,6,0.297906916415,4,0,0,0
5.0,0,0,1,0.241666666667,5,0,0,0
4.0,0,1,2,0.710649181548,5,0,0,0
4.22,0,1,1,0.289638605442,3,0,1,0
1.0,0,0,1,0.14068615846,1,3,4,3
4.12,0,4,6,0.110648148148,4,0,0,0
4.0,0,0,1,0.55625,5,0,1,0
2.42,0,4,5,0.0380905934343,2,0,0,0
3.33,0,2,3,0.223596563461,3,0,1,0
5.0,0,0,1,0.366666666667,5,0,0,0
5.0,0,0,1,0.266666666667,5,0,0,0
5.0,0,0,5,0.192858495671,5,0,0,0
3.86,0,0,5,0.11519047619,4,0,1,0
3.89,0,0,1,0.733333333333,5,0,1,0
5.0,0,5,1,0.533666666667,5,0,0,0
4.29,1,0,1,0.636666666667,5,0,0,0
3.67,0,0,2,0.229088541667,3,1,1,0
4.0,0,7,1,0.0914285714286,4,0,0,0
4.29,0,2,1,0.6,5,0,0,0
1.0,0,0,1,0.1,1,0,0,0
5.0,0,1,1,0.309259259259,5,0,0,0
4.4,0,13,1,0.317808857809,4,0,0,0
4.33,0,0,1,0.318518518519,1,2,1,0
3.67,0,0,2,0.548115079365,5,0,0,0
3.0,0,0,2,0.223134920635,3,0,0,0
5.0,0,0,2,0.376354166667,5,0,1,0
4.0,0,2,2,0.519486531987,4,0,0,0
3.82,1,11,1,0.0836458333333,1,1,3,1
3.8,1,13,2,0.250551374131,4,0,2,1
3.8,0,1,2,0.134325396825,4,0,0,0
4.11,0,0,1,0.17626984127,4,0,0,0
5.0,0,0,1,0.552,5,1,1,1
3.33,0,0,2,0.0505150713484,2,0,0,0
2.5,0,0,1,0.312621212121,4,0,0,0
4.17,1,73,50,0.240353386042,4,0,1,0
3.67,0,0,3,0.146689805973,3,0,0,0
4.06,1,6,11,0.270508551664,3,0,0,0
5.0,0,0,1,0.60625,5,0,0,0
3.0,0,1,3,0.00520833333333,3,0,0,0
2.6,0,0,5,0.149444444444,2,0,0,0
5.0,0,2,1,0.766666666667,5,0,1,0
4.18,0,0,8,0.298199500153,4,0,0,0
2.67,0,4,2,0.0584270640074,3,0,1,0
4.58,0,2,1,0.52,5,0,0,0
3.82,0,1,11,0.215362185268,3,0,0,0
5.0,0,0,1,0.214834449405,5,0,0,0
1.0,0,0,1,-0.241666666667,1,0,0,0
4.14,3,5,2,0.159821428571,2,1,1,1
4.6,1,1,1,0.39375,5,3,4,3
5.0,0,0,2,0.43625,5,0,0,0
4.26,1,1,1,0.442857142857,4,0,0,0
4.0,0,0,1,-0.5,1,0,0,0
5.0,0,1,1,0.5,5,0,3,0
3.44,2,11,3,0.427281746032,4,0,0,0
3.33,0,0,1,-0.06328125,1,0,0,0
3.4,1,2,3,0.192058201058,3,0,0,0
3.17,0,31,2,0.000367647058824,2,0,0,0
4.23,0,14,10,0.304439194577,4,0,0,0
3.62,1,3,4,0.221130789656,3,0,0,0
2.8,0,1,1,0.426428571429,4,0,0,0
4.4,0,0,1,0.330535714286,4,0,0,0
1.5,0,0,2,-0.0107808857809,1,0,1,0
3.41,0,0,3,0.24231451419,5,0,0,0
4.0,0,4,6,0.207590063803,2,0,1,0
3.33,0,1,2,0.162580128205,4,0,1,0
3.0,0,0,1,-0.152727272727,1,0,0,0
3.54,1,8,2,0.279779411765,3,0,0,0
4.45,3,0,2,0.307083333333,5,2,0,0
3.11,1,3,4,0.0383365144065,4,0,1,0
3.84,0,21,19,0.300811084047,3,0,0,0
5.0,0,0,1,0.251388888889,5,0,0,0
3.61,0,11,7,0.26056980057,3,0,0,0
2.88,0,0,9,0.113787041813,2,0,1,0
4.0,0,2,8,0.304652732684,4,0,0,0
5.0,0,0,1,0.388888888889,5,0,1,0
5.0,0,0,1,0.4,5,0,1,1
4.29,0,0,1,0.183185284215,5,0,2,0
3.67,0,0,3,0.146380034656,4,0,0,0
2.2,0,0,1,0.166666666667,1,0,0,0
3.84,0,0,2,0.215595238095,4,0,1,0
2.0,0,0,1,0.55625,5,0,0,1
3.9,0,11,1,0.0228571428571,5,0,1,0
3.48,0,0,5,0.320698698699,3,0,0,0
3.0,1,1,1,0.170089285714,1,0,4,0
3.8,0,0,1,-0.100694444444,2,0,0,0
2.5,0,3,1,0.388659297052,5,0,0,0
2.58,1,0,1,0.0062962962963,2,0,0,0
2.75,0,0,3,0.164826007326,2,0,0,0
4.2,0,0,3,0.336787388222,5,0,0,0
1.0,0,0,1,-0.3,1,0,0,0
1.0,0,0,1,-0.207222222222,1,0,1,1
4.0,0,0,1,0.424090909091,4,0,0,0
5.0,0,3,1,0.490909090909,5,0,0,0
3.86,0,3,2,0.482196969697,4,0,1,0
5.0,0,0,1,0.627272727273,5,0,0,0
3.5,0,0,3,0.287726671477,4,0,0,0
2.4,0,0,7,0.130208754733,2,0,0,0
2.33,0,0,2,0.278507034632,3,0,0,0
3.5,0,2,12,0.288285826525,3,0,1,0
1.0,0,0,1,-0.3125,1,1,1,0
2.98,0,3,2,0.131478045764,2,0,0,0
5.0,0,0,1,0.391666666667,5,0,0,0
3.1,1,4,1,-0.0125,1,0,0,0
4.09,0,2,3,0.341481782107,4,0,4,1
3.5,0,17,18,0.163593948102,3,0,0,0
4.38,0,1,4,0.133003472222,4,0,0,0
4.18,0,1,1,0.486597222222,5,0,0,0
5.0,0,0,1,0.186655443322,5,0,0,0
3.99,7,42,2,0.122756410256,4,0,0,0
3.91,0,1,3,0.130033855034,3,0,1,0
3.91,1,1,1,0.554642857143,4,1,3,1
4.11,0,0,5,0.152632749859,3,0,0,0
3.6,0,0,2,0.291458333333,3,0,0,0
3.67,0,0,2,0.5925,5,0,1,0
4.73,0,8,7,0.314220344388,5,0,0,0
4.44,9,12,1,0.124571428571,5,1,1,1
1.0,0,1,1,0.113333333333,1,0,2,0
2.0,0,0,1,0.372083333333,2,0,0,0
4.49,2,1,1,0.461111111111,5,0,0,0
4.5,0,3,2,0.415916666667,4,0,2,0
4.67,0,0,2,0.487630208333,4,0,0,0
3.62,0,2,3,0.127469135802,3,0,1,0
3.96,0,1,1,0.389197860963,5,0,1,0
3.8,0,0,1,0.110858585859,4,0,0,0
3.67,0,0,3,0.052662037037,2,0,1,0
3.26,7,41,3,0.286455782313,3,0,0,0
3.64,1,9,3,0.335743314845,4,0,0,0
4.75,0,0,5,0.582043908472,4,0,0,0
3.5,0,6,1,0.467222222222,5,0,0,1
3.59,1,4,3,0.162357179857,3,0,0,0
4.0,0,6,5,0.218470512821,4,0,0,0
5.0,0,21,1,0.2,5,0,0,0
3.81,0,1,1,0.271875,4,0,0,0
5.0,0,0,1,0.484583333333,5,0,0,0
3.33,0,0,1,0.5,4,0,0,0
1.0,0,0,1,-0.0315586419753,1,0,0,0
4.04,0,1,6,0.247954483788,3,0,0,0
4.29,0,7,4,0.209844790626,4,0,0,0
4.2,0,4,1,0.266666666667,5,0,2,0
3.52,7,50,45,0.15591206857,3,0,1,0
3.0,0,0,1,0.159722222222,5,0,0,0
3.66,1,2,1,0.183333333333,4,0,0,0
4.38,1,1,3,0.420833333333,4,0,0,0
4.43,0,1,2,0.453888888889,3,0,0,0
3.29,0,0,4,0.214083581349,4,2,1,0
4.17,0,0,4,0.116597617412,3,0,0,0
4.33,0,0,1,0.288291486291,4,0,0,0
4.35,1,1,4,0.260891452162,4,0,1,0
2.0,0,1,4,0.0548060904181,2,0,0,0
3.6,0,1,5,0.349768398268,3,0,1,0
3.45,10,40,3,0.0996135531136,2,0,0,0
3.72,1,4,1,0.0852678571429,2,0,0,0
3.76,1,2,3,0.252140588788,4,0,1,1
3.87,1,10,5,0.233703463203,3,0,1,0
2.4,0,3,5,0.023417989418,2,0,0,0
1.0,0,0,1,0.164488636364,1,0,1,1
4.16,0,3,3,0.175999973902,3,0,0,0
4.75,0,1,2,0.523333333333,4,0,1,0
3.33,0,0,3,0.124216169633,3,0,0,0
4.08,0,2,1,0.136363636364,5,0,0,0
4.08,0,0,5,0.170858694084,3,0,0,0
3.33,0,1,3,0.476661692684,3,0,0,0
4.0,0,2,2,0.4775,4,0,0,0
3.7,5,125,3,0.240822923399,3,0,0,0
5.0,0,1,1,0.0253472222222,5,0,0,0
3.62,0,0,2,0.319097222222,3,0,0,0
3.43,0,2,13,0.29304580038,3,0,0,0
5.0,0,0,1,0.335714285714,5,0,0,0
3.5,0,1,4,0.351276041667,3,0,0,0
1.0,0,0,1,-0.0701765188834,1,0,1,1
3.66,0,1,6,0.372256693923,3,0,0,0
3.65,4,27,9,0.207594903281,3,0,0,0
3.62,0,0,2,0.191142857143,3,2,3,2
4.74,0,0,1,0.312424242424,5,1,2,2
5.0,0,0,2,0.540277777778,5,0,0,0
3.93,1,1,10,0.271927004309,3,0,0,0
3.73,3,14,14,0.263589868586,3,0,0,0
4.64,0,12,4,0.324284465534,5,0,1,0
2.13,0,1,1,0.159396258503,3,0,1,1
4.38,1,9,1,0.5,5,0,0,0
3.75,0,2,2,0.4625,5,0,0,0
3.89,2,26,1,0.375,4,0,0,0
4.6,0,0,4,0.500967261905,4,0,0,0
3.68,0,0,2,0.0578829590548,4,2,1,2
4.2,0,0,1,0.219871794872,5,0,0,0
3.67,0,0,2,0.20625,3,0,1,0
5.0,0,0,1,0.112222222222,5,0,2,0
1.0,0,0,1,5.04646829375e-18,1,0,0,0
2.2,0,0,8,0.0489215994136,2,0,0,0
1.0,0,1,2,0.116898148148,1,0,1,0
3.98,4,15,1,0.238636363636,4,1,1,1
5.0,0,15,1,0.9921875,5,0,0,0
3.67,0,0,1,0.149100378788,2,0,0,0
4.0,0,0,3,0.242424413549,4,0,0,0
4.0,0,0,1,0.46125,4,0,0,0
3.12,0,0,1,0.1459375,2,0,1,0
3.0,0,0,2,0.0915851648352,3,0,0,0
4.54,0,2,3,0.170919312169,4,0,0,0
4.07,0,2,1,0.188633156966,5,0,0,0
3.86,1,13,42,0.359442332062,4,0,0,0
4.4,0,5,1,0.0520833333333,4,0,0,0
4.0,0,1,1,0.436904761905,4,0,1,1
3.0,0,0,2,0.0758962673611,3,0,0,0
4.0,0,0,1,0.0646081349206,4,0,0,0
3.43,1,5,11,0.197186776098,3,0,0,0
3.75,0,0,1,0.241315238581,1,0,0,0
4.67,0,6,2,0.406447285354,4,0,0,0
3.5,0,11,2,0.33501984127,4,0,0,0
3.67,0,0,2,0.0193295257374,1,0,0,0
2.83,0,1,1,0.446590909091,5,0,1,0
3.69,3,0,3,0.35832096475,3,0,0,0
4.0,0,0,1,0.369618055556,4,0,0,0
1.0,0,0,1,-0.0811662946429,1,1,3,0
3.67,0,0,3,0.178341034879,3,0,0,0
2.4,1,2,6,0.103611521629,2,0,1,0
4.0,50,118,1,0.168862516794,3,3,3,2
1.8,0,0,1,-0.425,1,0,0,0
1.0,0,0,1,-0.285714285714,1,0,0,0
4.0,0,0,1,0.766666666667,4,0,0,0
4.0,0,2,1,0.51,4,0,0,1
1.0,0,0,1,0.075,1,0,0,0
3.6,20,140,9,0.214720070828,4,0,1,0
3.0,0,0,1,0.308571428571,3,0,1,0
2.92,1,1,1,0.628333333333,5,1,0,0
3.54,0,0,7,0.267330781817,4,0,0,0
4.82,0,0,1,0.135,5,0,0,0
1.0,0,0,1,0.125444444444,1,0,1,0
3.47,0,0,1,0.165,4,0,0,0
3.2,1,2,4,0.117164294837,1,0,1,0
4.02,1,1,3,0.286873433584,3,0,0,0
3.95,2,86,17,0.222500416991,3,0,2,0
4.04,0,1,19,0.308936910312,4,0,0,0
3.76,1,0,6,0.232760163857,4,0,0,0
4.29,30,123,6,0.185500141274,5,17,18,17
5.0,0,0,1,0.164015151515,5,0,0,0
3.97,3,6,1,0.141209550866,3,0,2,0
5.0,0,0,1,0.138106060606,5,0,0,0
3.8,0,1,1,-0.0582407407407,4,0,1,0
2.83,1,0,5,0.140499814471,3,0,0,0
3.72,2,0,1,0.199630541872,1,1,0,1
5.0,0,0,1,0.263133116883,5,0,1,0
4.67,0,0,3,0.32744212963,4,0,0,0
3.58,8,31,158,0.200159083911,3,0,1,0
3.92,0,20,10,0.327021700753,3,0,0,0
3.0,0,16,4,0.363465839303,3,0,1,0
3.0,0,1,3,0.308823853616,4,0,0,0
3.0,0,0,1,-0.139583333333,3,0,0,0
2.33,0,0,2,0.0420863858364,1,0,0,0
4.0,0,0,1,0.9,4,0,0,0
2.11,0,0,1,0.170232426304,5,0,0,1
3.34,1,2,1,0.270833333333,2,2,3,0
3.0,0,0,1,0.345138888889,3,0,0,0
4.0,0,0,1,-0.0833333333333,4,0,0,0
3.99,0,15,3,0.167604221176,4,0,0,0
3.53,1,0,5,0.265948065164,3,0,0,0
3.91,2,2,1,0.475,5,0,0,0
3.39,0,0,14,0.234583373038,3,0,0,0
4.5,0,0,1,0.358333333333,5,0,1,0
3.6,0,0,1,0.579545454545,5,0,1,1
1.0,0,0,1,-0.052380952381,1,0,0,0
3.2,0,1,3,0.270580808081,3,0,1,0
3.19,0,0,3,0.320530133929,4,0,0,0
4.5,0,2,2,0.302575011196,4,0,2,0
4.5,0,5,1,0.6,5,0,0,0
3.6,0,0,1,0.211454545455,1,0,0,0
4.2,0,0,2,0.267864583333,3,0,0,0
3.0,0,0,1,0.1578125,5,0,0,0
3.57,0,3,1,-0.148333333333,2,0,0,0
3.8,0,1,1,-0.0540709290709,1,0,0,0
3.7,10,25,3,0.283476631393,4,0,1,0
4.38,3,6,13,0.261684917333,4,0,0,0
4.29,0,0,1,0.468181818182,5,0,0,0
5.0,0,0,2,0.329102564103,5,0,0,0
4.25,0,2,6,0.303637679314,4,0,0,0
4.05,0,2,25,0.282787262341,4,0,0,0
4.04,0,0,1,0.222647352647,5,1,1,0
4.75,0,0,4,0.288194444444,4,0,0,0
3.25,3,0,7,0.152136490494,3,0,0,0
3.33,0,0,4,0.235982142857,3,0,0,0
3.94,0,1,16,0.196111393607,3,0,0,0
3.62,0,0,1,0.415,4,0,1,0
4.5,0,1,3,0.25265583664,4,0,0,0
5.0,0,0,1,0.109573412698,5,0,1,0
3.84,0,20,30,0.239940545566,3,0,1,0
5.0,0,0,1,0.0559090909091,5,0,0,0
3.27,0,0,1,0.58,5,0,0,1
5.0,0,0,1,0.85,5,0,0,0
3.79,17,78,11,0.160665606245,4,3,4,4
3.0,0,0,1,0.0936738095238,2,1,3,1
3.5,0,0,10,0.223147975933,3,0,0,0
1.0,0,0,1,-0.03203125,1,1,1,0
4.0,0,20,1,0.244192821068,4,0,0,0
3.2,2,45,3,0.293945374801,3,0,1,0
3.0,0,0,1,0.307933884298,5,1,2,1
4.16,0,0,1,0.132723214286,5,0,1,1
3.75,1,0,2,0.1,2,0,0,0
5.0,0,2,1,0.339440104167,5,0,0,0
3.55,2,1,3,0.17316468254,3,0,1,0
1.0,0,0,2,-0.0824784301347,1,0,1,0
3.67,1,2,4,0.232458964646,3,0,0,0
3.94,0,2,1,0.5,5,0,0,0
4.0,0,0,1,0.195289855072,4,0,0,0
2.0,0,2,2,-0.0767893217893,1,1,5,1
3.11,0,4,2,-0.0328621031746,3,0,2,0
3.71,0,0,5,0.284567521368,4,0,0,0
4.5,0,0,4,0.455871212121,4,0,0,0
4.0,0,0,3,0.460416666667,5,0,0,0
3.36,0,0,5,0.303759807505,3,0,1,0
5.0,0,0,1,0.485714285714,5,0,1,0
4.03,0,0,12,0.306915922619,4,0,0,0
4.3,2,26,57,0.240662783114,4,0,1,0
3.0,0,0,2,0.206511544012,4,0,0,0
4.0,0,1,1,0.68,4,1,0,0
2.5,0,0,4,0.0845660511364,2,0,0,0
4.42,24,108,50,0.369971591395,4,0,0,0
4.5,0,0,1,0.496,4,0,0,0
3.93,17,26,21,0.286335102927,4,0,0,0
5.0,0,0,1,0.506080808081,5,0,1,0
3.65,1,0,1,0.200464015152,3,0,2,0
3.71,1,0,3,0.343275208588,4,0,0,0
3.4,8,14,6,0.246369962663,4,1,1,1
3.6,0,0,1,0.492407407407,5,0,1,1
5.0,0,0,1,0.00772094726562,5,0,0,0
3.5,0,0,2,0.209052711994,3,1,1,0
3.8,0,0,1,-0.0833333333333,1,0,0,0
2.5,0,0,1,0.201262626263,4,0,0,0
4.75,0,1,2,0.489166666667,4,0,0,0
3.1,1,1,1,0.100555555556,5,1,1,1
1.5,0,0,1,0.291666666667,2,0,1,0
3.0,0,1,2,0.119444444444,3,1,2,1
3.0,0,0,1,0.372857142857,4,0,0,0
5.0,0,0,1,0.31375,5,0,0,0
3.17,0,0,2,0.237867063492,4,0,0,0
4.0,0,0,1,0.52,4,0,0,0
1.5,0,0,1,0.0375,1,0,0,0
5.0,0,0,2,0.318484848485,5,0,0,0
5.0,0,2,1,0.286837121212,5,0,0,0
3.33,0,0,2,0.0,4,0,0,0
3.5,0,0,4,0.488523065476,4,0,1,0
4.25,3,26,4,0.313380952381,4,0,0,0
5.0,0,1,1,0.308333333333,5,0,0,0
5.0,0,12,1,0.162037037037,5,0,0,0
3.33,0,0,3,0.309444444444,3,0,0,0
4.0,0,16,1,0.7,4,0,1,0
4.33,0,0,3,0.284404761905,4,0,0,0
3.29,0,0,1,0.289642857143,5,0,0,0
3.56,2,17,3,0.123694505261,3,0,0,0
2.25,0,4,1,-0.6,1,0,0,0
3.67,1,1,1,0.0868299881936,3,0,0,0
5.0,0,0,1,0.875,5,0,0,0
3.88,0,0,1,-0.065,2,0,2,0
5.0,0,0,1,0.443402777778,5,1,1,1
4.0,0,0,1,0.0402173913043,5,1,1,1
3.4,0,0,2,0.222746318922,4,0,1,0
4.0,0,0,1,0.0940476190476,4,0,0,0
4.0,0,0,1,0.3,4,0,0,0
3.62,2,3,1,0.094713313897,2,1,1,1
3.63,1,8,7,0.21041354254,4,0,0,0
3.46,22,58,8,0.240760227702,3,0,0,0
4.67,0,11,2,0.41625,5,0,0,0
4.23,82,148,8,0.203780770014,4,6,4,3
4.03,0,0,1,0.875,5,0,0,0
4.0,0,5,3,0.238720659747,4,0,1,0
4.0,0,0,3,0.440277777778,4,0,2,0
2.17,0,0,1,0.9375,5,0,5,0
3.94,0,0,3,0.135155874218,4,0,0,0
5.0,0,7,1,0.224810606061,5,0,0,2
5.0,0,3,5,0.540808333333,5,0,0,0
3.83,14,50,8,0.18606279507,3,0,1,0
4.17,0,1,4,0.323035451681,4,0,1,0
5.0,0,0,1,0.393333333333,5,0,0,0
4.27,0,0,11,0.292078394039,4,0,0,0
5.0,0,0,1,0.52803030303,5,0,0,0
5.0,0,0,1,0.775,5,0,0,0
1.5,1,0,6,-0.103454861111,1,0,0,0
4.0,0,1,1,0.254844444444,4,0,1,0
4.57,1,0,6,0.281490500241,4,0,0,0
3.0,0,0,1,0.138703703704,3,0,0,0
4.5,0,0,1,0.277222222222,4,0,1,0
2.33,0,1,3,-0.0884920634921,2,2,1,0
1.0,0,2,1,0.117666666667,1,3,0,0
1.67,2,6,3,0.0634460612014,1,0,1,0
2.5,0,0,1,-0.666666666667,4,0,0,0
5.0,0,0,1,0.468181818182,5,0,0,0
3.53,4,5,4,0.308553571429,3,0,0,0
4.07,2,0,16,0.263554075457,4,0,0,0
4.14,4,12,5,0.219790009001,4,0,0,0
1.0,0,0,1,-0.318229166667,1,0,2,0
3.86,1,5,1,0.0815789473684,4,0,1,0
5.0,0,0,2,0.528327922078,5,0,0,0
5.0,0,0,1,0.42455667789,5,0,0,0
2.38,0,0,1,0.306323242188,1,1,7,1
1.0,0,0,1,-0.111962632275,1,0,0,0
2.8,0,1,1,0.382142857143,4,0,0,0
5.0,0,0,1,0.405113636364,5,0,0,0
5.0,0,5,1,0.215857371795,5,0,0,0
4.18,1,3,18,0.222791154279,4,0,0,0
4.5,0,0,2,0.192965095029,5,0,0,0
3.83,0,0,3,0.430654761905,4,0,0,0
3.91,0,6,1,0.430208333333,4,1,1,1
3.83,1,0,1,0.105902777778,5,0,0,0
4.33,1,26,3,0.283368247584,4,1,1,0
1.0,0,0,2,0.11637920949,1,0,0,0
3.67,0,0,3,0.0655066413139,3,0,0,0
4.5,0,0,1,0.243585526316,4,0,0,0
2.62,0,0,1,-0.124489795918,1,0,0,0
4.0,0,0,1,0.333333333333,4,0,0,0
3.71,13,24,5,0.18650280112,3,1,2,1
4.18,0,0,5,0.245742057387,4,0,0,0
1.0,0,0,1,0.210714285714,1,0,1,0
3.88,2,6,1,0.5275,5,0,2,1
3.75,2,12,1,-0.0344444444444,2,0,2,1
3.83,7,32,10,0.219700931582,3,0,0,0
5.0,0,2,2,0.450777698864,5,0,0,0
5.0,0,0,1,0.4875,5,0,0,0
3.62,0,0,3,0.22875,3,0,0,0
3.0,1,3,3,0.323628472222,3,0,1,0
2.5,0,0,2,0.0627319109462,2,0,0,0
4.0,0,0,1,0.466666666667,5,0,0,0
3.29,16,22,12,0.221347181734,4,0,1,0
4.38,0,2,2,0.471709280303,5,0,1,0
5.0,0,0,1,0.412083333333,5,0,1,0
3.5,0,0,2,0.453685897436,4,0,0,0
5.0,0,0,1,0.606398809524,5,0,2,1
3.36,0,1,14,0.153681815075,3,0,0,0
3.64,0,0,7,0.228764097744,4,0,0,0
3.5,0,0,1,0.134109848485,2,0,2,0
3.83,0,0,1,-0.198148148148,1,0,2,1
3.8,52,78,7,0.148457722833,3,9,1,2
2.6,0,0,5,0.0835593711844,2,0,0,0
4.2,0,1,4,0.174795105069,4,0,0,0
3.82,9,25,31,0.220214566687,3,0,0,0
4.0,0,1,1,0.301785714286,5,0,0,0
3.84,0,3,2,-0.251041666667,3,0,0,0
3.0,1,0,2,0.0576925505051,3,0,0,0
3.0,0,1,1,0.213181818182,3,0,0,0
1.0,0,0,2,0.229707792208,1,1,0,0
2.67,0,30,3,-0.109722222222,2,0,0,0
4.5,0,0,1,0.777777777778,5,0,0,0
4.42,1,6,2,0.334653087798,4,0,1,1
3.17,0,1,2,0.343925137363,4,0,0,0
3.37,1,1,4,0.167767068001,3,0,0,0
4.17,0,1,4,0.338234848485,4,0,1,0
4.86,1,1,1,0.615104166667,5,0,1,1
3.96,1,0,3,0.222016511267,4,0,0,0
4.68,3,9,2,0.3703125,4,0,0,0
5.0,0,0,1,0.5525,5,0,1,1
3.85,8,15,1,0.566666666667,5,0,0,1
4.19,0,0,10,0.235134469201,4,0,0,0
1.0,0,0,1,-0.0244444444444,1,0,0,0
4.07,0,2,1,0.0826543209877,4,1,1,0
3.0,0,0,1,0.189333333333,1,0,1,0
5.0,0,7,1,0.445208333333,5,0,0,0
5.0,0,0,1,0.362619047619,5,0,1,0
1.0,0,0,1,-0.533333333333,1,0,2,0
3.5,0,3,1,-0.578125,1,1,0,0
4.11,14,40,2,0.272029740338,4,0,1,0
3.48,2,11,3,0.279808017343,3,0,2,1
4.0,0,0,1,0.625,5,0,0,0
4.67,0,0,2,0.37807874665,5,0,2,0
4.36,3,50,1,0.2,5,6,2,4
3.88,0,3,31,0.259241698158,3,0,0,0
4.0,0,0,6,0.287061905886,4,0,0,0
3.67,14,22,3,0.0901767225409,3,0,1,0
3.71,5,15,2,0.297995035718,4,0,2,0
3.7,1,1,1,0.116449594467,1,0,2,0
4.0,0,1,2,0.479884259259,5,0,1,1
2.43,0,0,2,-0.0247195512821,2,0,1,0
1.0,0,0,1,-0.11917989418,1,0,0,0
4.0,0,0,2,0.41119047619,5,0,0,0
2.92,0,0,3,0.15781240495,3,0,1,0
4.14,1,1,4,0.198790843127,4,0,0,0
4.43,0,0,1,0.875,5,2,1,1
4.38,1,0,1,0.52775974026,5,0,0,0
4.28,2,1,1,0.43125,4,0,1,0
4.14,2,7,1,0.203901515152,5,0,0,0
5.0,0,0,1,0.47,5,0,0,0
4.33,1,29,4,0.460938852814,4,0,1,0
3.74,12,16,4,0.269663584373,4,1,1,0
5.0,0,0,1,0.75,5,0,0,0
3.82,0,0,2,0.39046875,4,0,0,0
3.64,10,45,3,0.0930288814499,3,1,2,0
3.0,0,0,1,-0.0470238095238,1,0,3,0
3.5,9,27,1,0.0706379268879,3,3,11,3
4.5,0,6,3,0.770833333333,5,0,0,0
3.75,2,5,1,0.36875,5,0,0,0
3.97,6,18,2,0.169146825397,3,0,0,0
5.0,0,0,1,0.410811688312,5,0,1,0
1.0,0,0,1,-0.15,1,0,0,0
3.5,4,5,3,0.14697845805,3,0,1,1
3.67,0,0,3,0.308859508547,3,0,0,0
4.8,0,0,1,0.225,5,0,0,0
4.4,0,0,3,0.584151785714,4,0,0,0
3.4,0,3,5,0.144244400171,3,0,1,0
4.04,1,1,20,0.175177526987,3,0,0,0
3.09,0,0,1,0.0375,2,0,0,0
5.0,0,0,1,0.210277777778,5,0,0,0
4.71,1,0,7,0.387045672216,4,0,0,0
5.0,0,2,1,0.59375,5,0,1,0
3.33,0,0,3,0.380049603175,3,0,0,0
1.0,0,0,1,-0.329545454545,1,1,2,0
3.18,0,15,7,0.180640905226,3,0,0,0
2.9,0,3,9,0.143365926126,2,0,0,0
4.58,1,1,1,0.214091880342,4,0,0,0
4.0,0,0,1,0.53375,4,0,0,0
3.0,0,0,2,0.0138097304894,1,1,0,0
3.42,0,1,2,0.119166666667,3,0,0,0
5.0,0,0,1,0.461493506494,5,0,0,0
3.17,0,15,4,0.177357824709,2,0,1,0
4.09,1,0,4,0.367999860763,4,0,0,0
3.5,0,3,1,0.260120327701,5,0,0,1
4.48,0,3,1,0.27962962963,4,0,2,0
1.0,0,0,1,-0.378333333333,1,0,0,0
3.4,1,1,1,0.333333333333,4,0,0,0
5.0,0,0,1,0.130512265512,5,0,1,3
5.0,0,0,1,1.0,5,0,0,0
4.21,0,0,1,0.0979166666667,5,0,2,0
3.67,0,2,2,0.330351989281,4,0,0,0
2.8,0,0,3,0.219991181658,2,0,0,0
3.84,0,3,3,0.334551282051,4,0,0,0
5.0,0,0,1,0.362293956044,5,0,2,1
4.56,0,0,9,0.1,4,0,0,0
3.5,0,0,1,0.382142857143,5,0,0,0
3.98,0,1,9,0.225415684735,4,0,0,0
5.0,0,0,1,0.169318181818,5,0,1,0
3.84,7,10,2,0.278946080925,3,0,0,0
3.38,1,3,1,0.222172619048,3,0,0,0
5.0,0,0,1,0.333333333333,5,0,0,0
4.02,1,16,15,0.150015945166,3,0,1,0
3.25,0,5,7,0.122895724557,3,0,0,0
1.0,0,0,3,0.0644290123457,1,0,1,0
5.0,0,1,1,0.4575,5,0,0,0
3.0,0,0,1,0.375,5,0,2,0
3.72,2,4,2,0.243576388889,5,0,0,0
2.78,0,0,1,0.0108928571429,1,1,4,1
3.5,0,0,1,0.0753968253968,2,0,0,0
3.86,1,2,5,0.154260838273,4,3,1,0
5.0,0,0,1,0.832514880952,5,0,0,0
1.0,0,0,2,-0.190977945147,1,0,0,0
1.0,0,0,1,-0.176977478781,1,0,0,0
1.0,0,5,1,-0.0833333333333,1,0,1,0
4.37,4,2,6,0.239666130896,4,0,1,0
3.38,4,4,2,0.13869047619,3,0,0,0
1.0,0,5,1,-0.0190476190476,1,0,0,0
2.5,0,0,1,-0.0413194444444,1,2,0,0
1.0,0,0,1,0.0,1,0,0,0
3.75,0,1,4,0.1670871374,4,0,0,0
3.53,24,12,38,0.126414594437,3,0,0,0
4.18,6,9,1,0.140625,3,2,0,0
3.86,0,0,12,0.226417500902,3,0,0,0
4.09,3,4,1,0.673888888889,5,1,1,1
5.0,0,0,1,-0.666666666667,5,1,0,0
3.37,10,53,184,0.148764395414,3,0,1,0
1.33,0,4,3,-0.0618079176115,1,0,0,0
3.61,4,10,3,0.377290448343,4,0,0,0
5.0,0,3,2,0.143823815074,5,0,0,0
1.33,0,0,2,-0.209973958333,1,0,0,0
3.0,0,1,1,0.0493506493506,3,1,0,0
5.0,0,1,1,0.575,5,0,1,1
3.85,0,1,1,0.28880952381,5,0,1,0
1.71,0,0,1,0.296892230576,3,0,1,0
3.83,0,0,1,0.312968253968,5,0,0,1
4.6,0,0,4,0.411979166667,4,0,0,0
5.0,0,0,3,0.694444444444,5,0,0,0
3.2,0,0,2,0.0818287037037,4,0,0,0
5.0,0,0,1,0.5,5,0,0,0
3.59,4,15,3,0.291447002072,4,0,0,0
3.64,0,1,6,0.400795145544,4,0,0,0
4.2,0,3,1,0.238897243108,5,0,1,0
5.0,0,6,1,0.121794871795,5,0,1,0
3.96,29,51,8,0.250591142076,4,0,0,0
3.63,2,18,95,0.228780056314,3,0,0,0
4.5,0,4,7,0.300455207335,4,0,0,0
3.6,0,2,6,0.343552403718,4,0,0,0
2.95,1,6,29,0.208201216122,3,0,0,0
3.5,0,1,1,0.475,4,1,1,2
4.47,1,1,4,0.291906511519,4,0,0,0
3.35,2,5,1,0.218161231884,3,0,0,0
4.42,1,1,3,0.290648148148,5,0,4,3
5.0,0,0,1,0.258417508418,5,0,0,0
3.0,0,0,1,-0.0576507936508,1,0,0,0
3.96,0,0,2,0.144243454958,2,0,0,0
4.0,0,4,13,0.277296014803,3,0,0,0
2.33,0,0,1,-0.0170504385965,1,0,0,0
3.51,0,0,10,0.326757849789,4,0,0,0
3.97,0,0,1,0.213156565657,5,0,0,0
4.33,0,0,3,0.2442003367,4,0,0,0
3.39,0,8,54,0.228032260272,3,0,0,0
3.73,3,0,2,0.0693496260684,2,0,1,0
3.88,0,0,7,0.417891632177,3,0,0,0
5.0,0,0,2,0.585416666667,5,0,0,0
3.55,17,194,266,0.189002641392,3,1,3,2
3.67,0,0,1,0.244444444444,3,0,1,0
2.86,0,0,2,-0.252777777778,1,0,0,0
5.0,0,0,1,0.343666666667,5,0,0,0
4.1,0,0,3,0.489020061728,4,0,0,0
3.0,0,0,3,0.160936065197,3,0,1,0
3.75,0,0,4,0.331134259259,3,0,0,0
3.78,3,2,7,0.3019004235,3,0,0,0
5.0,0,0,1,0.0410256410256,5,0,0,0
4.03,7,18,15,0.330180914538,4,0,1,0
3.97,2,4,2,0.190172371032,1,0,0,0
4.4,0,0,5,0.775416666667,4,0,0,0
4.29,0,1,1,0.2375,4,0,1,1
4.0,0,0,2,0.21157277239,4,0,0,0
3.0,1,8,1,0.2125,5,1,1,1
3.94,0,1,2,0.2132263322,4,0,0,0
5.0,0,0,1,0.65,5,0,0,0
4.0,0,0,2,0.509166666667,4,0,0,0
3.32,1,2,2,-0.0582194392909,2,0,0,0
1.0,1,11,1,0.0875,1,0,4,0
3.8,3,27,6,0.269073008623,4,0,0,0
4.59,2,3,1,0.367261904762,5,0,1,0
3.67,0,1,1,0.46875,5,0,0,0
5.0,0,0,1,0.790625,5,0,0,0
4.5,0,5,1,0.437380952381,5,0,1,0
3.33,1,1,12,0.22837476582,3,0,0,0
2.0,0,0,2,-0.0584722222222,1,0,0,0
4.25,0,1,3,0.219899891775,4,0,0,0
5.0,0,0,1,0.55380952381,5,0,0,0
3.6,0,0,1,0.193452380952,5,0,0,0
1.73,0,1,1,-0.131333333333,2,0,1,0
2.89,0,0,1,0.424015625,4,0,0,0
4.45,1,1,10,0.301375286656,4,0,1,0
4.0,0,0,1,0.234624505929,4,0,0,0
3.75,0,0,4,0.290522295322,3,0,1,0
3.0,0,1,1,0.307794415509,5,0,1,0
5.0,0,0,1,0.8,5,0,0,0
4.5,0,1,2,0.257247767857,4,0,1,0
3.25,0,0,8,0.248156872202,3,0,0,0
5.0,0,0,1,0.25,5,0,1,0
2.67,0,0,3,0.0484027777778,2,0,0,0
4.0,0,0,1,-0.138888888889,2,0,0,0
4.2,0,3,5,0.268553952991,4,0,1,0
5.0,0,0,1,0.475,5,0,1,0
3.91,0,0,2,0.44126984127,4,0,2,0
3.0,0,0,2,0.119375,3,0,0,0
3.33,0,0,1,1.0,4,0,0,0
4.34,14,35,11,0.106009956065,4,2,1,1
3.07,1,3,1,0.413095238095,4,0,1,0
4.08,1,3,4,0.399188596491,4,0,0,0
4.0,0,0,1,0.283928571429,4,0,0,0
3.68,5,24,12,0.191785610417,3,0,1,0
4.7,3,5,3,0.292139532095,4,0,1,1
3.35,1,0,3,0.30078125,2,0,0,0
3.85,1,1,4,0.320474537037,3,0,0,0
4.5,0,0,1,0.219444444444,5,0,1,0
3.6,0,5,1,3.33066907388e-17,2,0,0,0
3.96,1,9,61,0.236240602977,3,0,0,0
3.88,0,0,1,-0.0190476190476,3,0,1,0
5.0,0,1,1,0.325892857143,5,0,0,0
4.0,0,0,2,0.4875,4,0,0,0
3.23,0,1,1,0.208,4,0,0,0
3.5,0,5,4,0.202800640332,3,1,1,1
3.42,6,11,9,0.17827455889,3,0,0,0
4.61,0,0,1,0.4735,4,0,0,0
4.5,1,10,1,-0.416666666667,1,0,0,0
3.0,0,0,3,0.359455679648,3,0,0,0
3.89,0,3,8,0.24348670348,3,1,1,1
3.12,2,8,27,0.202970390036,3,0,0,0
5.0,0,0,1,0.365277777778,5,0,2,0
3.17,0,10,6,0.150376191569,3,0,0,0
1.0,0,0,1,-0.320555555556,1,0,1,0
3.5,0,0,1,0.164467418546,5,0,0,0
1.0,0,0,1,-0.1,1,0,0,0
4.23,0,1,1,0.329166666667,4,0,0,0
4.31,6,6,2,0.192389705882,4,0,0,0
4.0,0,0,1,0.0949382716049,4,0,0,0
5.0,0,0,1,0.233333333333,5,0,1,2
3.88,4,2,6,0.28970172216,4,0,0,0
1.0,0,0,2,-0.558854166667,1,0,1,0
1.0,0,0,1,0.0527777777778,1,0,0,0
4.83,0,0,2,0.502025462963,4,0,0,0
4.0,0,1,2,0.138045634921,2,0,0,0
5.0,0,0,1,0.3125,5,0,0,0
4.41,2,6,2,0.175162037037,4,0,0,0
3.57,0,0,6,0.313875661376,3,0,0,0
5.0,0,13,1,0.445238095238,5,0,0,0
3.76,0,0,2,0.266120113169,4,0,0,0
5.0,2,147,2,0.648920454545,5,0,0,0
4.33,0,0,2,0.29369047619,4,0,1,0
3.44,0,2,2,0.41125,4,0,0,0
5.0,0,0,1,0.371164772727,5,0,2,2
4.0,0,1,2,0.2699253663,4,0,0,0
5.0,0,0,1,0.534375,5,0,0,0
3.5,0,0,1,0.342347582973,4,0,0,0
4.0,0,0,1,0.071416971917,2,0,0,0
2.33,0,0,2,0.119444444444,3,0,1,0
5.0,0,0,1,0.189393939394,5,0,0,0
4.33,0,0,1,0.427525252525,5,1,0,1
2.33,0,0,1,0.162857142857,3,0,1,0
3.75,2,13,6,0.214229928058,3,0,0,0
3.96,4,13,1,0.266510989011,4,0,0,0
3.67,0,1,2,0.182663690476,5,0,0,0
1.0,0,0,1,0.0,1,0,0,0
3.79,0,3,26,0.345886601824,3,0,0,0
3.43,0,0,1,0.0612491373361,1,0,1,0
4.11,1,0,7,0.319788705692,3,0,1,1
5.0,0,0,1,0.310714285714,5,0,0,0
4.86,1,4,2,0.179166666667,5,0,2,1
4.4,0,1,5,0.385898833671,4,0,1,0
3.13,4,6,2,0.439186507937,3,0,1,0
3.72,15,22,5,0.348802614053,4,0,0,0
5.0,0,0,1,0.6371875,5,0,0,0
3.1,0,0,8,0.15126518841,3,0,0,0
3.49,1,7,1,0.331944444444,5,2,2,1
2.75,0,0,3,0.476388888889,4,0,0,0
4.12,1,19,3,0.28998962149,4,0,0,0
3.44,1,0,1,0.339974747475,5,0,0,0
3.0,0,0,1,0.464508928571,4,0,0,0
4.2,0,0,2,0.166840277778,3,0,0,0
3.0,0,4,1,-0.3125,3,0,0,0
3.47,8,6,68,0.215055172295,3,0,0,0
3.81,3,2,3,-0.012037037037,2,0,0,0
4.0,0,1,1,0.396428571429,4,0,0,0
1.0,0,0,4,0.00807291666667,1,0,0,0
3.0,0,1,14,0.180633587427,3,0,0,0
4.02,1,1,3,0.388611111111,4,0,0,0
5.0,0,0,1,0.212,5,0,0,0
2.33,0,0,2,-0.140952380952,1,0,0,0
3.55,1,0,4,0.392510287022,4,0,0,0
5.0,0,0,1,0.507222222222,5,0,0,0
3.64,0,2,8,0.295617413459,3,0,1,0
3.33,0,3,3,0.0961253677672,3,0,0,0
3.0,0,0,4,0.215654761905,3,0,0,0
5.0,0,0,2,0.0994047619048,5,0,1,0
4.5,0,8,1,0.213612836439,5,0,1,0
3.74,0,2,1,0.1125,4,0,1,0
3.4,0,0,1,0.196215127465,2,0,0,0
5.0,0,0,1,-0.0818181818182,5,0,0,0
3.83,1,6,7,0.236644336739,3,0,0,0
1.0,0,0,1,-0.245,1,0,2,0
4.1,0,1,1,0.328125,4,0,0,0
3.79,3,9,3,0.46283234127,4,1,1,1
4.0,37,159,52,0.168266698935,3,1,2,1
3.83,0,0,1,0.414285714286,4,0,0,0
1.0,0,0,1,0.0,1,0,2,0
3.78,7,10,1,0.101500759878,5,3,4,3
4.67,0,0,1,0.391666666667,4,0,0,0
5.0,0,1,1,0.198863636364,5,0,0,0
4.06,0,0,1,0.537337662338,4,0,0,0
3.76,0,0,1,0.497916666667,5,0,2,1
5.0,0,1,1,0.31,5,0,0,0
4.2,0,0,2,0.226607142857,3,0,1,0
3.33,0,0,2,0.0505580357143,1,0,0,0
3.67,0,0,1,0.459226190476,5,0,2,2
4.42,1,2,8,0.379489061286,4,0,0,0
3.57,29,16,17,0.133765209047,3,2,1,1
3.54,2,11,1,0.0215909090909,1,2,5,1
4.18,0,0,3,0.292879188713,4,0,0,0
1.0,0,0,1,-0.1075,1,0,0,0
3.11,0,2,6,0.250331944804,3,1,4,1
5.0,0,1,1,0.127272727273,5,0,0,0
4.0,1,23,23,0.258049292053,4,0,1,0
2.89,0,0,3,0.056335978836,2,0,0,0
3.44,0,0,1,0.0676923076923,2,0,0,0
3.64,1,5,1,0.0194444444444,1,0,0,0
3.8,0,2,2,0.0836111111111,3,1,4,0
2.0,0,3,1,-0.172916666667,2,2,0,0
3.22,1,0,4,0.185513038549,4,0,0,0
4.17,0,1,1,0.5,5,0,0,0
3.53,1,4,1,-0.137756410256,1,0,0,1
4.17,0,2,23,0.312469272943,4,0,1,0
4.05,0,1,4,0.273566285731,4,0,0,0
4.18,0,0,6,0.30048408189,4,0,0,0
3.75,2,0,1,0.172486772487,1,0,0,0
3.53,1,17,1,0.278828125,3,0,0,0
3.1,2,2,1,-0.0244381313131,1,2,2,0
4.12,0,0,2,0.262085137085,3,0,0,0
3.0,0,1,1,0.101851851852,3,0,0,0
3.42,2,1,2,0.175784077034,4,0,2,1
5.0,0,0,1,0.55,5,0,0,0
3.75,1,49,1,0.42037037037,4,3,1,1
5.0,1,10,1,0.302556818182,5,0,0,0
3.73,4,8,12,0.307806770225,3,0,0,0
3.69,1,0,2,0.22375,3,0,0,0
4.33,0,2,3,0.166111111111,4,0,0,0
2.12,0,0,8,0.1644155584,2,0,1,0
3.0,0,0,3,0.391272104802,3,0,0,0
4.42,3,7,1,0.29880952381,5,0,0,0
4.0,0,0,1,0.199025974026,5,0,0,0
3.24,7,10,10,0.309501846698,3,0,0,0
4.33,0,0,4,0.366927083333,4,0,0,0
3.12,0,3,7,0.336028225955,3,0,0,0
4.45,0,1,3,0.370486111111,4,0,0,0
4.0,0,0,3,0.269191137566,4,0,0,0
4.0,0,0,4,0.227522209881,4,0,1,1
3.38,0,0,1,0.190263605442,4,0,2,2
3.09,0,7,3,0.17375,1,0,0,0
5.0,1,0,1,0.4,5,0,0,0
5.0,0,0,1,0.402777777778,5,1,1,0
5.0,0,0,1,0.395238095238,5,0,0,0
4.33,0,0,1,0.541666666667,5,0,0,0
5.0,0,0,1,0.2934375,5,0,0,0
4.38,0,0,2,0.306893939394,4,0,0,0
3.4,2,8,5,0.664375,3,0,0,0
3.0,0,0,2,0.398489583333,3,0,0,0
2.0,0,0,4,0.0733333333333,2,0,0,0
2.83,0,0,1,0.2,2,0,0,0
5.0,1,8,4,0.422291666667,5,0,0,0
1.0,0,0,1,0.0,1,2,3,0
1.67,0,1,1,0.0590909090909,1,0,0,0
1.0,0,0,1,-0.0388888888889,1,0,1,0
3.14,0,1,1,0.372186147186,1,0,0,0
3.41,0,2,2,0.422124183007,5,0,0,0
3.56,0,7,5,0.304810606061,4,0,0,0
3.4,0,0,1,0.141493055556,1,0,1,0
3.73,4,2,4,0.340981742023,3,0,0,0
3.2,0,0,2,0.349173344017,4,0,0,0
4.1,0,0,1,0.14,1,0,4,0
1.0,0,0,1,-0.4,1,0,0,0
2.78,0,0,1,0.129710779672,5,0,2,0
4.16,0,1,1,0.1,4,2,0,0
3.4,0,0,4,0.283029040404,3,0,0,0
1.0,0,0,2,-0.1,1,0,0,0
4.86,0,0,4,0.316865680616,4,0,0,0
5.0,0,0,1,0.202,5,0,0,0
3.55,5,15,3,0.178874086672,3,0,0,0
4.06,1,6,1,0.335715445269,4,0,0,0
4.75,0,0,1,0.4325,5,0,0,0
3.97,0,1,7,0.406400527383,4,0,0,0
4.0,0,0,3,0.290873015873,4,0,0,0
3.75,0,0,4,0.296872811625,4,0,0,0
3.0,0,0,1,0.130062624008,1,0,0,0
5.0,0,0,1,0.457142857143,5,0,0,1
5.0,0,0,1,0.345698051948,5,0,0,0
3.77,1,2,1,0.183798701299,4,0,1,0
1.0,0,0,2,0.061160130719,1,0,0,0
3.62,7,21,3,0.00839038533483,3,1,4,0
3.87,2,1,8,0.195340580995,4,0,0,0
2.0,0,0,3,0.101180555556,2,0,0,0
3.0,0,0,1,0.430092592593,5,0,0,0
1.0,0,0,2,-0.100061842919,1,0,0,0
3.43,1,2,42,0.240850730675,3,0,0,0
3.0,0,0,3,0.0528703703704,2,0,0,0
4.5,0,1,1,0.259523809524,3,0,1,1
3.25,1,1,3,0.265277777778,4,0,0,0
3.89,0,0,12,0.172390615111,3,0,0,0
5.0,0,1,1,0.402777777778,5,0,0,0
3.27,0,0,2,0.197703222703,3,0,0,0
1.64,0,0,9,0.092366872261,1,0,0,0
5.0,0,0,1,0.307142857143,5,0,0,0
3.12,0,2,12,0.165005790877,3,0,1,0
4.12,0,0,1,0.71375,4,0,0,0
4.0,2,18,1,0.228438228438,3,0,0,0
1.0,0,2,1,0.0179365079365,1,0,0,0
3.68,1,2,1,-0.0361111111111,2,0,2,1
1.0,0,0,1,0.0715963203463,1,1,0,0
3.84,2,1,3,0.241922851705,4,0,1,0
4.08,0,0,2,0.153646999552,2,0,0,0
4.17,0,2,5,0.307453463203,4,0,0,0
3.0,0,0,1,0.3105,3,0,0,0
4.14,0,0,1,0.276330532213,4,0,0,0
5.0,0,4,1,0.12236421131,5,0,0,0
2.2,0,1,1,-0.0428571428571,1,1,1,0
2.71,1,5,1,0.0524305555556,2,0,0,0
4.17,0,0,4,0.173213552639,5,0,0,0
3.44,0,0,2,0.3609375,4,0,0,0
5.0,0,0,1,0.274358974359,5,0,0,0
5.0,0,0,1,0.413888888889,5,0,1,1
5.0,0,6,2,0.233927503418,5,0,0,0
3.39,0,33,2,0.335218253968,4,0,0,0
4.2,0,0,3,0.294032600309,5,0,0,0
3.0,0,1,1,0.216666666667,4,0,0,0
3.88,0,0,6,0.083033008658,3,0,0,0
5.0,1,48,1,0.864583333333,5,0,1,0
3.73,2,13,2,0.239262820513,2,0,1,0
3.89,0,0,9,0.405447530864,3,0,0,0
5.0,0,3,2,0.137334280303,5,0,0,0
4.0,1,0,3,0.34814696712,3,0,0,0
4.38,0,0,1,0.527083333333,5,0,0,0
5.0,0,0,1,0.475541125541,5,0,0,0
1.0,0,6,1,0.0442176870748,1,0,0,0
4.38,1,3,1,0.736111111111,5,0,0,0
3.94,0,2,4,0.250111111111,4,0,1,0
3.4,0,1,1,-0.164583333333,1,0,1,0
2.64,0,0,9,0.381640011223,2,0,0,0
4.0,1,2,4,0.104191468254,4,1,1,0
3.5,0,7,2,0.0453544061303,4,0,1,0
4.0,0,0,3,0.27087962963,3,0,0,0
5.0,0,0,1,0.466666666667,5,0,1,0
3.55,6,23,4,0.191331160159,4,1,1,1
4.12,4,9,1,0.1,5,0,0,0
3.64,5,7,1,0.19193877551,3,0,0,0
2.33,0,0,1,0.0846153846154,1,0,0,0
4.83,1,0,1,0.319047619048,5,1,1,0
3.86,7,35,1,0.361574074074,4,1,2,1
4.29,0,25,1,0.1734375,4,0,0,1
4.0,0,0,2,0.384910714286,4,0,0,0
4.6,0,0,1,0.266666666667,5,1,2,2
5.0,0,0,1,0.0230519480519,5,0,0,0
2.8,0,0,4,0.225586820587,3,0,1,0
4.4,0,0,4,0.178043473528,4,0,0,0
3.64,1,0,2,0.125833333333,2,0,0,0
3.7,17,23,6,0.166973589863,3,1,1,0
4.2,0,1,4,0.364851190476,4,0,0,0
4.26,0,1,3,0.313194444444,3,0,0,0
1.0,0,0,1,0.272857142857,1,0,0,0
3.88,0,1,1,0.167954545455,2,0,1,0
3.0,0,0,1,0.149603174603,3,0,0,0
4.27,1,0,2,0.0264583333333,3,0,0,0
4.11,3,1,1,0.229428571429,3,0,4,0
3.25,0,5,1,0.05,1,0,0,0
4.25,0,14,4,0.31966765873,4,0,0,0
3.57,5,4,1,0.335555555556,5,0,1,2
5.0,0,4,1,1.0,5,0,0,0
3.63,10,13,20,0.298742698206,3,0,0,0
3.0,0,8,2,0.292410714286,3,0,0,0
3.21,0,0,1,-0.4,1,1,1,0
4.0,1,3,1,0.9375,5,0,0,0
3.7,1,4,3,0.123649911817,3,0,2,0
3.29,0,0,1,0.4,4,0,0,0
2.83,0,0,1,-0.3,1,0,1,0
4.67,0,0,1,0.35,5,0,1,0
3.26,0,0,3,0.169537037037,3,1,2,0
3.35,0,1,10,0.284398574709,3,0,0,0
3.93,0,3,27,0.24761776978,4,0,0,0
5.0,0,0,1,0.142857142857,5,0,0,0
3.38,5,4,2,0.195247395833,1,0,5,1
3.71,17,28,6,0.140409466909,3,0,2,0
4.0,0,0,1,0.372549019608,4,0,0,0
3.8,2,1,2,0.252673611111,4,1,1,1
2.89,0,0,5,0.174564257867,2,0,1,0
1.5,0,0,1,0.0222222222222,1,0,0,0
2.5,0,0,1,0.276041666667,4,0,0,0
4.23,1,0,1,0.47619047619,4,0,0,0
1.0,0,1,1,-0.173888888889,1,0,0,0
3.67,0,6,1,-0.147142857143,4,0,0,0
5.0,0,0,1,0.481640625,5,0,0,0
3.62,0,1,1,0.406138392857,5,0,0,0
3.17,0,0,1,0.02,3,1,2,0
3.31,2,17,6,0.276780272526,4,0,0,0
3.71,0,0,5,0.309251193251,4,0,0,0
2.33,0,0,1,-0.0682857142857,1,0,0,0
3.58,1,23,11,0.247112642275,3,0,1,0
4.52,2,55,54,0.233726168997,4,0,0,0
4.1,0,0,1,0.595,5,0,0,0
4.33,0,1,3,0.415925925926,4,0,0,0
5.0,0,0,1,0.404538690476,5,0,0,0
4.23,3,4,5,0.32490162037,3,0,0,0
3.29,0,0,7,0.19633240569,3,0,0,0
3.43,8,144,8,0.111735227029,3,1,1,0
3.0,0,0,2,0.164393939394,3,0,0,0
3.71,8,52,7,0.203135371331,2,1,1,1
4.38,0,0,3,0.140931154779,3,0,1,1
5.0,0,1,1,0.244642857143,5,0,1,0
5.0,0,0,1,0.46875,5,1,1,0
3.8,0,0,1,0.520833333333,4,0,0,0
3.63,39,107,14,0.183062469097,3,1,2,2
2.67,0,0,3,0.138937559354,2,0,0,0
4.33,1,5,1,0.213492063492,4,0,0,0
5.0,0,0,1,1.0,5,0,0,0
4.07,1,0,5,0.36875788996,4,0,0,0
5.0,0,0,1,0.35,5,0,1,1
4.67,0,0,1,0.648412698413,5,0,0,0
5.0,0,0,1,0.176666666667,5,0,0,0
1.0,0,6,2,-0.140833333333,1,0,0,0
2.0,0,0,1,0.3,2,0,0,0
3.5,0,2,1,0.0800595238095,4,0,0,0
2.75,1,7,5,0.312060606061,3,0,0,0
3.62,0,4,1,0.29623015873,5,1,2,1
4.07,3,3,1,0.385321969697,5,0,0,0
4.67,0,0,2,0.317261904762,4,0,0,0
4.25,6,32,1,0.75,4,0,8,7
5.0,0,7,1,0.575,5,0,0,1
3.57,1,0,2,-0.0645870076426,2,0,1,0
4.4,1,6,1,0.557142857143,5,0,0,0
4.29,0,1,5,0.142196355115,4,0,1,0
5.0,1,2,2,0.553919270833,5,0,0,1
3.33,1,0,4,0.202854507421,4,0,1,0
